{
  "n_objects": 5,
  "models": {
    "a9": {
      "num_runs": 10,
      "run_folders": [
        "111_5",
        "123_5",
        "268_5",
        "27_5",
        "444_5",
        "456_5",
        "579_5",
        "600_5",
        "668_5",
        "711_5"
      ],
      "mean": {
        "composite.MOTA": 0.7874576271186441,
        "composite.MOTP": 0.2683574423397771,
        "counts.FN": 202.6,
        "counts.FP": 73.9,
        "counts.matches": 1272.4,
        "counts.total_gt": 1475.0,
        "counts.total_tr": 1346.3,
        "coverage.precision": 0.945170405929127,
        "coverage.recall": 0.8626440677966102,
        "identity.IDF1": 0.1726193460640177,
        "identity.avg_frags_per_gt": 7.5200000000000005,
        "identity.avg_swaps_per_gt": 7.4,
        "identity.total_frags": 37.6,
        "identity.total_id_switches": 37.0,
        "performance.avg_fps": 2839.9683184785804,
        "performance.duration_s": 0.10391923999413848,
        "performance.frames_processed": 295.0,
        "track_management.mean_abs_count_error": 0.5276666666666667
      },
      "std": {
        "composite.MOTA": 0.07499710060681442,
        "composite.MOTP": 0.01720927306982443,
        "counts.FN": 55.5461769861597,
        "counts.FP": 56.48293744328656,
        "counts.matches": 55.5461769861597,
        "counts.total_gt": 0.0,
        "counts.total_tr": 12.552556180581972,
        "coverage.precision": 0.04167669454647179,
        "coverage.recall": 0.0376584250753625,
        "identity.IDF1": 0.01091259651070777,
        "identity.avg_frags_per_gt": 0.5266244708835067,
        "identity.avg_swaps_per_gt": 0.524933858267454,
        "identity.total_frags": 2.6331223544175333,
        "identity.total_id_switches": 2.6246692913372702,
        "performance.avg_fps": 61.6454131756526,
        "performance.duration_s": 0.0022957627750222597,
        "performance.frames_processed": 0.0,
        "track_management.mean_abs_count_error": 0.03800747165011858
      }
    },
    "p3": {
      "num_runs": 10,
      "run_folders": [
        "111_5",
        "123_5",
        "268_5",
        "27_5",
        "444_5",
        "456_5",
        "579_5",
        "600_5",
        "668_5",
        "711_5"
      ],
      "mean": {
        "composite.MOTA": 0.879728813559322,
        "composite.MOTP": 0.19174420518692098,
        "counts.FN": 122.3,
        "counts.FP": 31.5,
        "counts.matches": 1352.7,
        "counts.total_gt": 1475.0,
        "counts.total_tr": 1384.2,
        "coverage.precision": 0.9770862435982041,
        "coverage.recall": 0.9170847457627118,
        "identity.IDF1": 0.4610732239555163,
        "identity.avg_frags_per_gt": 4.720000000000001,
        "identity.avg_swaps_per_gt": 4.720000000000001,
        "identity.total_frags": 23.6,
        "identity.total_id_switches": 23.6,
        "performance.avg_fps": 4161.46348038683,
        "performance.duration_s": 0.07089888000045905,
        "performance.frames_processed": 295.0,
        "track_management.mean_abs_count_error": 0.40066666666666667
      },
      "std": {
        "composite.MOTA": 0.04066189261846274,
        "composite.MOTP": 0.010505083815204376,
        "counts.FN": 42.20071089448612,
        "counts.FP": 12.91209596549771,
        "counts.matches": 42.20071089448612,
        "counts.total_gt": 0.0,
        "counts.total_tr": 31.375149402034722,
        "coverage.precision": 0.009638672418042222,
        "coverage.recall": 0.028610651453888893,
        "identity.IDF1": 0.10907652164830285,
        "identity.avg_frags_per_gt": 1.399047294887965,
        "identity.avg_swaps_per_gt": 1.3830722645215934,
        "identity.total_frags": 6.995236474439826,
        "identity.total_id_switches": 6.915361322607968,
        "performance.avg_fps": 52.94236226657574,
        "performance.duration_s": 0.0009045695203861082,
        "performance.frames_processed": 0.0,
        "track_management.mean_abs_count_error": 0.10258149425195055
      }
    },
    "v6": {
      "num_runs": 10,
      "run_folders": [
        "111_5",
        "123_5",
        "268_5",
        "27_5",
        "444_5",
        "456_5",
        "579_5",
        "600_5",
        "668_5",
        "711_5"
      ],
      "mean": {
        "composite.MOTA": 0.944135593220339,
        "composite.MOTP": 0.15995373538331745,
        "counts.FN": 51.8,
        "counts.FP": 18.1,
        "counts.matches": 1423.2,
        "counts.total_gt": 1475.0,
        "counts.total_tr": 1441.3,
        "coverage.precision": 0.9874174855087225,
        "coverage.recall": 0.9648813559322035,
        "identity.IDF1": 0.5649864930865488,
        "identity.avg_frags_per_gt": 2.4400000000000004,
        "identity.avg_swaps_per_gt": 2.5000000000000004,
        "identity.total_frags": 12.2,
        "identity.total_id_switches": 12.5,
        "performance.avg_fps": 2923.6832617290265,
        "performance.duration_s": 0.10091085000312887,
        "performance.frames_processed": 295.0,
        "track_management.mean_abs_count_error": 0.21633333333333332
      },
      "std": {
        "composite.MOTA": 0.018608629219428154,
        "composite.MOTP": 0.003398445694114315,
        "counts.FN": 18.437883705988483,
        "counts.FP": 6.190494505467412,
        "counts.matches": 18.43788370598848,
        "counts.total_gt": 0.0,
        "counts.total_tr": 13.888844444373332,
        "coverage.precision": 0.004343962612903138,
        "coverage.recall": 0.012500260139653226,
        "identity.IDF1": 0.1254110451758619,
        "identity.avg_frags_per_gt": 0.8783823515733655,
        "identity.avg_swaps_per_gt": 0.7958224257542215,
        "identity.total_frags": 4.391911757866828,
        "identity.total_id_switches": 3.9791121287711073,
        "performance.avg_fps": 31.779426158785675,
        "performance.duration_s": 0.0010966772245253865,
        "performance.frames_processed": 0.0,
        "track_management.mean_abs_count_error": 0.045008915440563575
      }
    }
  }
}