{
  "folder": "data\\123_5",
  "results_file": "resultsv6.csv",
  "gate": 1.0,
  "metrics": {
    "T": 300,
    "n_gt_ids": 5,
    "n_track_ids": 23,
    "counts": {
      "total_gt": 1475,
      "total_tr": 1434,
      "matches": 1416,
      "FN": 59,
      "FP": 18
    },
    "coverage": {
      "recall": 0.96,
      "precision": 0.9874476987447699
    },
    "identity": {
      "total_id_switches": 15,
      "avg_swaps_per_gt": 3.0,
      "total_frags": 15,
      "avg_frags_per_gt": 3.0,
      "IDF1": 0.5067033344792025,
      "IDTP": 737,
      "IDFP": 697,
      "IDFN": 738
    },
    "composite": {
      "MOTA": 0.9376271186440678,
      "MOTP": 0.16500978495873306
    },
    "track_management": {
      "mean_abs_count_error": 0.24
    },
    "performance": {
      "avg_fps": 2909.6346385225293,
      "duration_s": 0.101387300004717,
      "frames_processed": 295
    }
  }
}