{
  "folder": "data\\27_5",
  "results_file": "resultsv6.csv",
  "gate": 1.0,
  "metrics": {
    "T": 300,
    "n_gt_ids": 5,
    "n_track_ids": 23,
    "counts": {
      "total_gt": 1475,
      "total_tr": 1443,
      "matches": 1416,
      "FN": 59,
      "FP": 27
    },
    "coverage": {
      "recall": 0.96,
      "precision": 0.9812889812889813
    },
    "identity": {
      "total_id_switches": 13,
      "avg_swaps_per_gt": 2.6,
      "total_frags": 13,
      "avg_frags_per_gt": 2.6,
      "IDF1": 0.5277587388622345,
      "IDTP": 770,
      "IDFP": 673,
      "IDFN": 705
    },
    "composite": {
      "MOTA": 0.9328813559322033,
      "MOTP": 0.15986074520539933
    },
    "track_management": {
      "mean_abs_count_error": 0.21
    },
    "performance": {
      "avg_fps": 2941.129553174996,
      "duration_s": 0.1003016000031494,
      "frames_processed": 295
    }
  }
}