{
  "folder": "data\\668_5",
  "results_file": "resultsp3.csv",
  "gate": 1.0,
  "metrics": {
    "T": 300,
    "n_gt_ids": 5,
    "n_track_ids": 54,
    "counts": {
      "total_gt": 1475,
      "total_tr": 1328,
      "matches": 1286,
      "FN": 189,
      "FP": 42
    },
    "coverage": {
      "recall": 0.871864406779661,
      "precision": 0.9683734939759037
    },
    "identity": {
      "total_id_switches": 38,
      "avg_swaps_per_gt": 7.6,
      "total_frags": 38,
      "avg_frags_per_gt": 7.6,
      "IDF1": 0.2968248305387085,
      "IDTP": 416,
      "IDFP": 912,
      "IDFN": 1059
    },
    "composite": {
      "MOTA": 0.8176271186440678,
      "MOTP": 0.21264571570107535
    },
    "track_management": {
      "mean_abs_count_error": 0.58
    },
    "performance": {
      "avg_fps": 4149.552692384334,
      "duration_s": 0.0710919999983162,
      "frames_processed": 295
    }
  }
}